itr,af3a,af3hb,af3t,af4a,af4hb,af4t,pxa,pxhb,pxt,af3lb,af3g,af4lb,af4g,pxlb,pxg,pzt,pza,pzlb,pzhb,pzg,t8t,t8a,t8lb,t8hb,t8g
1,3.063,3.08,58.982,17.063,3.782,81.393,104.274,10.612,1691.282,2.769,2.46,6.191,3.026,26.057,21.319,31.418,5.625,4.432,1.877,3.802,48.75,11.416,5.524,12.243,26.607
2,3.175,3.058,87.841,16.746,3.823,119.002,117.525,11.43,1699.758,3.128,2.467,6.705,2.965,27.198,22.06,35.927,5.868,5.625,2.145,4.479,48.502,11.355,4.893,12.505,30.372
3,3.281,2.835,113.827,15.883,3.598,157.687,144.393,13.393,1606.989,3.364,2.523,7.313,2.975,28.388,22.673,39.847,6.178,6.539,2.299,5.122,50.718,10.875,4.975,12.309,33.184
4,3.308,2.544,132.169,14.924,3.221,187.316,167.759,15.066,1382.615,3.58,2.645,8.336,3.075,27.809,22.889,44.11,6.412,7.107,2.312,5.705,53.01,9.9,5.645,11.781,34.472
5,3.262,2.384,136.977,14.113,2.883,198.469,175.608,15.911,1017.772,3.913,2.832,9.799,3.268,25.471,22.659,47.987,6.488,7.445,2.248,6.213,50.347,9.026,7.018,11.277,34.414
6,3.208,2.505,130.774,13.44,2.76,189.389,165.757,15.701,658.503,4.416,3.066,11.358,3.534,22.263,21.976,51.543,6.435,7.703,2.258,6.603,47.908,8.509,9.0,11.182,33.633
7,3.173,2.957,114.481,12.663,2.966,160.746,143.08,14.643,423.938,5.007,3.312,12.42,3.835,19.204,20.858,53.079,6.419,7.974,2.489,6.804,44.409,8.332,11.171,11.775,32.741
8,3.138,3.657,98.242,11.794,3.538,127.325,117.053,13.217,291.017,5.518,3.52,12.609,4.103,16.976,19.315,52.496,6.482,8.227,2.985,6.721,41.242,8.299,12.962,13.024,31.899
9,3.059,4.396,88.212,11.467,4.385,101.55,96.65,11.887,263.144,5.766,3.627,11.914,4.263,15.914,17.393,50.043,6.603,8.326,3.615,6.286,38.153,8.275,13.965,14.639,30.793
10,2.971,4.939,88.126,12.311,5.352,98.512,86.582,10.981,313.02,5.7,3.591,10.674,4.299,15.79,15.278,46.963,6.662,8.145,4.154,5.525,36.258,8.267,14.281,16.289,29.071
11,2.885,5.12,96.588,14.656,6.271,127.173,85.398,10.523,411.663,5.426,3.411,9.485,4.246,16.048,13.201,44.675,6.565,7.645,4.398,4.577,36.8,8.585,14.42,17.664,26.901
12,2.765,4.892,106.767,18.172,6.95,176.659,88.518,10.555,554.715,5.1,3.118,8.827,4.151,16.127,11.344,44.524,6.184,6.862,4.26,3.651,43.785,9.289,14.729,18.591,25.198
13,2.675,4.338,108.383,21.95,7.231,225.909,93.765,11.655,640.779,4.874,2.769,8.737,4.06,16.888,9.921,44.563,5.679,5.992,3.814,2.934,52.97,10.357,15.403,18.953,25.102
14,2.686,3.656,98.65,24.48,7.067,258.342,105.343,15.916,713.183,4.793,2.445,8.907,3.989,21.087,9.346,44.987,5.174,5.18,3.245,2.51,64.201,11.331,16.181,18.665,27.208
15,3.057,3.04,77.305,24.818,6.513,256.189,130.283,26.797,791.94,4.775,2.237,8.864,3.93,32.887,9.982,43.006,4.835,4.473,2.729,2.354,71.024,11.722,16.583,17.719,31.045
16,3.846,2.626,53.587,22.561,5.709,225.35,174.01,47.041,902.043,4.642,2.225,8.277,3.87,57.095,11.86,38.688,4.803,3.809,2.375,2.386,72.017,11.194,16.012,16.088,35.304
17,5.021,2.453,33.449,18.543,4.82,171.282,237.079,75.803,1039.484,4.303,2.438,7.134,3.793,96.077,14.636,31.845,5.16,3.186,2.203,2.534,65.763,9.887,14.253,13.902,38.561
18,6.338,2.464,22.808,14.065,4.0,117.72,311.819,107.516,1202.036,3.764,2.812,5.638,3.688,145.462,17.627,25.611,5.831,2.622,2.166,2.741,56.543,8.225,11.524,11.515,39.907
19,7.57,2.546,19.956,10.322,3.337,71.331,380.009,133.451,1337.998,3.146,3.198,4.121,3.532,194.251,19.972,19.474,6.633,2.199,2.185,2.924,45.923,6.845,8.475,9.363,39.197
20,8.501,2.596,22.075,7.93,2.864,44.664,420.36,145.448,1357.252,2.543,3.423,2.848,3.3,228.159,20.979,16.169,7.306,1.924,2.217,3.0,37.771,6.155,5.823,7.808,36.89
21,8.956,2.554,25.459,6.839,2.566,33.014,418.528,139.539,1243.905,2.095,3.368,1.981,2.967,236.26,20.42,14.314,7.516,1.799,2.235,2.915,32.523,6.038,3.983,6.93,33.752
22,8.856,2.423,27.109,6.442,2.402,31.215,374.586,117.724,1001.883,1.791,3.029,1.5,2.545,215.784,18.536,13.731,7.086,1.732,2.214,2.683,29.877,6.113,2.919,6.531,30.611
23,8.247,2.251,27.898,6.054,2.334,32.135,300.374,87.115,729.32,1.603,2.502,1.287,2.077,173.032,15.927,13.727,6.116,1.653,2.136,2.367,28.913,5.887,2.378,6.258,28.039
24,7.333,2.085,28.247,5.444,2.321,33.608,216.256,56.597,477.552,1.456,1.938,1.209,1.638,120.85,13.279,13.515,4.932,1.513,2.006,2.061,28.915,5.179,2.108,5.84,26.229
25,6.432,1.949,26.683,4.9,2.329,30.847,140.02,33.068,301.1,1.288,1.486,1.2,1.323,72.827,11.135,12.293,3.873,1.309,1.861,1.851,27.782,4.27,2.039,5.232,25.242
26,5.805,1.846,24.97,4.584,2.325,29.062,83.793,19.044,196.181,1.126,1.254,1.239,1.2,37.955,9.74,12.473,3.189,1.097,1.75,1.785,29.789,3.513,2.055,4.583,25.243
27,5.6,1.769,22.375,4.633,2.277,24.747,49.338,12.777,136.52,1.061,1.272,1.333,1.298,18.223,9.033,12.011,2.964,0.957,1.702,1.853,30.676,3.212,2.085,4.054,26.413
28,5.811,1.697,18.753,5.036,2.164,20.865,31.549,10.62,100.142,1.196,1.494,1.523,1.596,9.949,8.753,12.645,3.094,0.951,1.7,2.008,32.253,3.452,2.087,3.722,28.607
29,6.238,1.613,15.725,5.633,1.988,16.835,24.741,9.783,74.624,1.541,1.827,1.835,2.019,7.72,8.587,12.214,3.323,1.092,1.691,2.189,31.154,4.175,2.141,3.534,31.195
30,6.544,1.503,12.426,6.115,1.76,13.01,20.695,8.979,52.633,2.03,2.177,2.225,2.463,7.26,8.243,11.735,3.39,1.357,1.626,2.356,28.4,5.154,2.37,3.389,33.154
31,6.426,1.378,10.628,6.217,1.516,10.167,16.485,7.82,36.195,2.538,2.46,2.655,2.824,7.214,7.641,10.108,3.175,1.694,1.495,2.48,24.463,6.172,2.896,3.347,33.505
32,5.81,1.263,8.669,5.79,1.301,7.516,12.598,6.388,23.915,2.892,2.613,2.985,3.023,7.33,6.943,8.642,2.724,2.0,1.333,2.547,20.792,7.022,3.705,3.559,31.735
33,4.91,1.193,7.425,4.983,1.156,5.62,9.779,4.959,17.972,2.978,2.623,3.151,3.043,7.479,6.403,6.934,2.221,2.203,1.203,2.559,18.426,7.588,4.651,4.234,28.08
34,3.992,1.206,6.068,4.047,1.103,3.812,8.133,3.861,17.52,2.793,2.526,3.144,2.94,7.527,6.208,5.782,1.893,2.26,1.154,2.519,17.009,7.784,5.513,5.522,23.49
35,3.311,1.314,5.301,3.3,1.135,3.336,7.321,3.299,19.93,2.428,2.39,3.002,2.805,7.376,6.366,5.245,1.961,2.176,1.192,2.434,15.903,7.578,6.013,7.33,19.196
36,2.923,1.487,5.16,2.907,1.207,4.055,6.944,3.306,22.274,2.039,2.288,2.774,2.724,6.958,6.729,5.179,2.444,1.99,1.273,2.315,14.843,7.012,5.98,9.334,16.166
37,2.747,1.679,6.148,2.884,1.274,6.729,6.605,3.788,23.518,1.783,2.264,2.567,2.74,6.381,7.066,5.922,3.217,1.796,1.339,2.18,12.812,6.19,5.387,11.011,14.669
38,2.639,1.841,8.442,3.091,1.313,10.933,6.084,4.56,21.844,1.743,2.316,2.442,2.832,5.879,7.157,7.104,4.008,1.686,1.343,2.034,11.854,5.283,4.419,11.862,14.205
39,2.493,1.933,11.905,3.285,1.331,16.096,5.397,5.432,19.599,1.916,2.395,2.409,2.928,5.741,6.894,9.027,4.53,1.719,1.282,1.878,10.968,4.468,3.332,11.719,13.986
40,2.28,1.96,15.431,3.261,1.36,20.916,4.627,6.311,16.977,2.23,2.443,2.441,2.948,6.176,6.329,11.029,4.612,1.863,1.194,1.709,12.037,3.901,2.383,10.899,13.423
41,2.131,1.954,18.458,3.108,1.429,24.389,3.91,7.245,16.203,2.623,2.414,2.544,2.842,7.2,5.618,13.642,4.405,2.057,1.142,1.535,13.851,3.789,1.772,10.074,12.434
42,2.293,1.935,20.466,3.174,1.54,26.135,3.377,8.311,18.453,3.038,2.287,2.767,2.598,8.679,4.937,16.067,4.255,2.209,1.167,1.379,16.384,4.323,1.555,9.914,11.366
43,2.935,1.913,21.064,3.76,1.684,25.814,3.233,9.476,24.297,3.395,2.074,3.123,2.25,10.355,4.404,17.939,4.516,2.23,1.268,1.274,18.359,5.509,1.611,10.76,10.665
44,4.005,1.887,20.617,4.927,1.827,23.879,3.643,10.505,33.365,3.599,1.819,3.52,1.864,11.796,4.053,18.967,5.269,2.067,1.403,1.244,19.578,7.109,1.751,12.485,10.579
45,5.211,1.853,19.398,6.403,1.927,20.982,4.547,11.048,42.651,3.579,1.579,3.819,1.515,12.565,3.88,18.694,6.298,1.741,1.502,1.29,19.818,8.712,1.849,14.565,11.041
46,6.112,1.808,17.772,7.679,1.953,17.376,5.619,10.84,50.598,3.324,1.403,3.9,1.258,12.34,3.891,17.184,7.101,1.355,1.509,1.382,19.184,9.762,1.891,16.29,11.758
47,6.38,1.762,16.29,8.31,1.911,14.087,25.114,12.855,96.805,2.935,1.311,3.751,1.121,19.876,5.0,14.919,7.294,1.047,1.416,1.475,18.44,9.992,1.945,17.12,12.442
48,6.193,1.739,15.166,8.326,1.859,11.619,163.855,34.079,433.207,2.611,1.307,3.495,1.112,80.01,11.81,12.849,7.126,0.96,1.274,1.536,18.268,9.799,2.154,16.884,12.974
49,6.061,1.758,15.228,8.145,1.861,11.006,568.279,99.221,1432.302,2.56,1.378,3.335,1.208,258.326,30.809,12.041,7.226,1.177,1.156,1.557,19.822,9.92,2.633,15.728,13.335
50,6.505,1.813,16.762,8.291,1.957,12.63,1319.162,220.846,3377.688,2.87,1.498,3.425,1.367,588.281,65.144,12.882,8.114,1.663,1.118,1.557,22.902,10.882,3.318,14.042,13.524
51,7.675,1.892,19.666,9.041,2.149,15.972,2336.233,384.557,6036.419,3.418,1.635,3.759,1.535,1033.176,110.791,14.905,9.809,2.245,1.183,1.557,26.688,12.61,4.014,12.225,13.494
52,9.164,1.976,23.238,10.16,2.401,19.601,3369.027,549.051,8862.202,3.927,1.748,4.18,1.661,1480.17,156.453,17.133,11.694,2.69,1.331,1.568,29.603,14.392,4.457,10.601,13.223
53,10.283,2.046,26.157,11.082,2.638,21.871,4095.088,661.72,10910.256,4.129,1.8,4.457,1.712,1788.214,187.868,18.351,12.91,2.822,1.497,1.579,30.257,15.34,4.517,9.237,12.783
54,10.395,2.079,26.998,11.217,2.771,21.505,4265.078,682.857,11545.06,3.92,1.773,4.396,1.686,1848.54,194.242,17.979,12.744,2.58,1.597,1.574,27.715,14.83,4.162,8.047,12.318
55,9.243,2.068,25.345,10.295,2.757,18.708,3819.36,604.904,10434.267,3.372,1.683,3.979,1.619,1641.527,173.407,16.212,11.036,2.091,1.59,1.548,22.292,12.86,3.512,6.985,11.986
56,7.187,2.024,21.786,8.562,2.622,14.826,2916.701,455.79,8102.668,2.672,1.569,3.331,1.567,1241.272,132.903,13.588,8.374,1.578,1.488,1.512,15.773,10.106,2.773,6.105,11.871
57,4.966,1.953,16.601,6.605,2.445,10.467,1860.26,285.363,5212.905,2.066,1.474,2.668,1.566,782.45,86.262,10.803,5.731,1.255,1.345,1.488,9.54,7.509,2.158,5.649,11.951
58,3.35,1.867,11.861,5.059,2.318,7.73,950.428,142.135,2754.981,1.685,1.419,2.126,1.615,395.158,46.672,8.531,3.945,1.195,1.231,1.482,5.178,5.744,1.742,5.956,12.12
59,2.852,1.796,7.963,4.463,2.309,6.057,362.453,52.459,1106.416,1.571,1.399,1.761,1.684,151.349,21.353,6.921,3.418,1.325,1.211,1.479,2.964,4.973,1.536,7.195,12.31
60,3.615,1.789,6.1,5.103,2.448,6.503,93.909,14.383,386.458,1.775,1.403,1.572,1.744,44.907,9.791,5.717,3.987,1.538,1.34,1.462,2.482,4.874,1.528,9.275,12.573
61,5.4,1.887,5.71,6.833,2.709,6.935,25.98,6.781,191.262,2.318,1.442,1.578,1.803,18.671,6.402,4.73,5.091,1.749,1.619,1.421,2.741,4.935,1.67,11.837,12.984
62,7.76,2.092,6.966,9.196,3.013,8.322,26.779,9.34,189.492,3.145,1.545,1.782,1.901,15.712,5.699,4.397,6.148,1.914,1.989,1.369,3.11,4.78,1.894,14.296,13.529
63,10.152,2.362,8.674,11.511,3.26,8.383,44.485,16.1,277.682,4.09,1.743,2.153,2.085,16.637,6.033,3.441,6.789,2.023,2.352,1.339,3.176,4.365,2.173,16.03,14.049
64,11.928,2.606,10.025,13.11,3.351,8.55,83.078,27.348,435.695,4.919,2.047,2.668,2.375,25.714,7.869,3.4,6.777,2.101,2.583,1.366,3.199,3.77,2.455,16.657,14.46
65,12.566,2.745,10.759,13.511,3.245,7.705,154.915,42.675,745.132,5.357,2.428,3.187,2.74,51.861,11.798,2.529,6.091,2.105,2.599,1.46,2.912,3.095,2.686,16.075,14.867
66,11.873,2.752,9.944,12.655,2.975,7.396,268.171,59.983,1147.517,5.248,2.821,3.573,3.105,100.203,17.809,2.296,4.938,2.025,2.392,1.599,2.756,2.423,2.858,14.496,15.552
67,10.055,2.65,8.557,10.838,2.632,7.169,413.082,75.578,1619.623,4.62,3.139,3.682,3.379,166.527,24.807,1.728,3.624,1.834,2.038,1.734,2.599,1.851,2.983,12.377,16.879
68,7.609,2.495,6.492,8.567,2.321,8.27,559.331,85.304,2002.939,3.7,3.308,3.483,3.487,235.09,30.868,1.398,2.461,1.586,1.658,1.81,2.865,1.493,3.144,10.241,18.944
69,5.122,2.324,4.738,6.356,2.108,9.395,665.469,86.249,2209.837,2.785,3.28,3.038,3.399,284.518,34.03,1.354,1.635,1.338,1.374,1.789,3.408,1.446,3.413,8.505,21.384
70,3.097,2.157,3.425,4.552,2.019,11.001,697.13,78.006,2141.734,2.126,3.057,2.536,3.131,297.826,33.205,1.684,1.197,1.177,1.261,1.669,4.541,1.702,3.784,7.403,23.504
71,1.745,1.986,2.677,3.259,2.028,11.745,640.839,62.961,1844.519,1.823,2.68,2.178,2.736,270.141,28.726,2.623,1.029,1.135,1.322,1.48,5.799,2.141,4.247,6.998,24.607
72,1.017,1.789,2.275,2.437,2.072,12.042,512.931,45.259,1381.543,1.857,2.226,2.114,2.283,211.01,22.154,3.638,0.992,1.23,1.486,1.27,7.088,2.601,4.846,7.173,24.315
73,0.747,1.558,1.995,2.016,2.084,11.6,352.067,29.068,890.375,2.11,1.799,2.374,1.862,139.061,15.519,4.752,1.001,1.449,1.655,1.088,8.129,2.948,5.512,7.729,22.806
74,0.791,1.328,1.792,1.917,2.042,10.552,202.567,17.138,497.142,2.417,1.502,2.825,1.562,75.109,10.415,5.465,1.037,1.736,1.766,0.966,8.463,3.093,6.079,8.58,20.759
75,1.058,1.154,1.935,2.058,1.953,9.817,96.841,10.149,234.665,2.641,1.397,3.226,1.437,32.109,7.413,5.636,1.099,2.0,1.802,0.91,8.093,3.024,6.36,9.711,18.937
76,1.484,1.072,2.589,2.36,1.825,9.531,42.899,7.15,111.978,2.671,1.471,3.363,1.473,11.959,6.068,5.53,1.196,2.126,1.775,0.902,7.082,2.796,6.197,11.067,17.792
77,1.961,1.084,3.939,2.737,1.696,10.582,28.072,6.423,72.902,2.443,1.645,3.142,1.602,6.39,5.514,5.398,1.319,2.042,1.723,0.919,6.404,2.519,5.533,12.566,17.358
78,2.421,1.171,5.731,3.183,1.619,11.984,30.077,6.632,70.81,2.017,1.818,2.647,1.732,5.994,5.086,5.246,1.456,1.763,1.687,0.943,5.322,2.35,4.552,14.103,17.371
79,2.779,1.312,7.769,3.641,1.638,14.445,34.018,7.172,74.168,1.537,1.911,2.03,1.786,6.175,4.635,5.859,1.568,1.376,1.688,0.973,5.422,2.394,3.609,15.494,17.523
80,3.031,1.48,8.992,4.053,1.768,15.136,37.748,7.879,79.389,1.17,1.907,1.477,1.741,6.235,4.287,6.024,1.687,1.022,1.72,1.027,5.14,2.707,3.064,16.701,17.571
81,3.18,1.644,9.803,4.274,1.971,15.866,40.709,8.642,82.509,1.016,1.84,1.102,1.63,6.212,4.119,6.777,1.849,0.821,1.814,1.255,5.403,3.219,3.097,17.856,17.416
82,3.252,1.766,9.196,4.242,2.168,13.84,41.644,9.297,87.329,1.057,1.784,0.916,1.531,6.249,4.104,6.41,2.118,0.829,2.09,1.996,4.974,3.832,3.616,19.207,17.102
83,3.238,1.814,8.311,3.947,2.27,11.813,40.007,9.734,95.116,1.185,1.808,0.863,1.521,6.873,4.185,6.365,2.519,1.034,2.653,3.541,4.78,4.392,4.353,20.813,16.725
84,3.156,1.782,6.859,3.504,2.23,8.617,36.275,9.933,112.155,1.271,1.938,0.865,1.645,8.773,4.326,5.374,2.998,1.376,3.49,5.862,4.313,4.734,4.96,22.381,16.392
85,3.001,1.687,5.885,3.039,2.062,6.434,31.433,9.952,139.837,1.237,2.139,0.885,1.878,12.229,4.514,4.986,3.408,1.741,4.429,8.499,4.353,4.723,5.258,23.291,16.154
86,2.781,1.558,5.177,2.669,1.827,5.068,26.412,9.866,172.028,1.101,2.319,0.884,2.132,16.622,4.748,4.105,3.585,2.025,5.184,10.69,4.186,4.359,5.262,22.936,15.953
87,2.593,1.417,5.043,2.594,1.597,5.15,21.746,9.711,201.965,0.95,2.385,0.898,2.304,20.694,5.014,3.89,3.444,2.125,5.465,11.699,4.195,3.783,5.08,21.073,15.62
88,2.586,1.284,5.121,2.988,1.446,6.92,17.798,9.478,219.192,0.897,2.294,1.061,2.333,22.989,5.26,3.58,3.037,2.039,5.123,11.172,3.881,3.172,4.857,18.126,15.009
89,2.871,1.175,5.246,3.903,1.437,9.037,14.742,9.139,211.022,0.988,2.059,1.554,2.209,22.521,5.408,3.407,2.542,1.8,4.232,9.298,3.619,2.697,4.687,14.956,14.127
90,3.382,1.093,5.453,5.134,1.587,11.567,12.753,8.651,183.715,1.204,1.735,2.556,1.967,19.414,5.396,3.459,2.147,1.542,3.06,6.722,3.311,2.404,4.584,12.354,13.104
91,3.969,1.033,5.548,6.398,1.86,12.847,11.773,8.012,141.34,1.447,1.398,4.071,1.683,14.722,5.206,3.359,1.985,1.361,1.942,4.231,3.237,2.292,4.487,10.714,12.111
92,4.424,0.993,5.419,7.356,2.18,12.851,11.606,7.245,102.351,1.598,1.115,5.867,1.43,10.131,4.862,3.514,2.024,1.308,1.138,2.407,3.11,2.266,4.321,9.957,11.29
93,4.612,0.982,5.022,7.757,2.449,11.41,11.868,6.374,64.562,1.605,0.916,7.51,1.252,7.061,4.414,3.558,2.152,1.353,0.744,1.409,3.05,2.269,4.057,9.587,10.676
94,4.492,1.016,4.465,7.513,2.594,9.536,12.142,5.446,45.048,1.546,0.796,8.583,1.156,5.941,3.91,3.665,2.257,1.496,0.69,1.017,2.541,2.292,3.736,9.11,10.197
95,4.18,1.099,4.017,6.788,2.6,7.838,12.118,4.603,28.769,1.55,0.747,8.839,1.14,6.247,3.404,3.486,2.318,1.751,0.819,0.878,2.145,2.361,3.427,8.356,9.737
96,3.824,1.212,4.118,5.873,2.488,7.091,11.458,4.028,20.874,1.709,0.774,8.29,1.2,6.917,2.976,3.372,2.39,2.11,0.999,0.792,1.728,2.454,3.179,7.538,9.225
97,3.572,1.325,5.105,5.034,2.306,7.185,10.427,3.816,16.034,2.042,0.888,7.197,1.328,7.133,2.708,3.044,2.533,2.516,1.149,0.745,1.567,2.529,3.028,6.922,8.648
98,3.538,1.45,7.919,4.409,2.126,8.749,9.848,3.973,19.945,2.474,1.078,5.954,1.492,6.78,2.631,3.414,2.731,2.857,1.239,0.748,2.11,2.527,2.989,6.652,8.07
99,3.746,1.643,13.685,4.009,2.003,13.044,12.227,4.572,39.348,2.928,1.308,4.92,1.647,6.196,2.749,4.667,2.913,3.066,1.301,0.786,3.726,2.415,3.101,6.686,7.589
100,4.111,1.974,21.05,3.73,1.948,18.976,20.742,5.859,89.362,3.36,1.515,4.285,1.746,6.008,3.055,6.88,2.978,3.13,1.405,0.832,6.138,2.26,3.406,6.837,7.242
101,4.501,2.459,29.69,3.507,1.932,28.555,37.765,8.097,166.571,3.768,1.636,4.034,1.763,7.161,3.548,9.744,2.88,3.121,1.609,0.855,10.04,2.284,3.904,6.855,6.971
102,4.77,3.016,35.676,3.349,1.92,35.721,62.152,11.33,294.947,4.159,1.635,4.059,1.701,10.158,4.213,12.56,2.652,3.156,1.901,0.844,13.183,2.69,4.572,6.65,6.729
103,4.901,3.484,38.887,3.514,1.896,44.024,88.035,15.059,429.097,4.528,1.512,4.31,1.59,15.159,5.002,14.687,2.457,3.325,2.192,0.804,17.056,3.604,5.322,6.315,6.548
104,5.032,3.704,37.316,4.899,1.893,45.675,107.121,18.468,578.99,4.847,1.305,4.773,1.483,22.135,5.795,15.591,2.533,3.678,2.381,0.758,18.598,5.14,6.047,6.068,6.549
105,5.469,3.593,34.635,8.777,1.962,47.519,116.525,21.384,715.098,5.055,1.078,5.507,1.437,33.687,6.526,16.134,3.159,4.165,2.408,0.728,20.281,7.52,6.624,6.078,6.866
106,6.487,3.181,32.451,15.725,2.14,46.592,119.158,24.655,931.459,5.066,0.887,6.332,1.481,56.368,7.274,16.815,4.465,4.643,2.281,0.725,20.578,10.778,6.961,6.351,7.51
107,8.138,2.608,33.972,24.987,2.443,48.789,121.895,29.878,1240.207,4.842,0.761,7.059,1.593,97.572,8.194,18.802,6.339,4.979,2.077,0.741,23.127,14.619,7.001,6.727,8.335
108,10.248,2.061,37.782,34.418,2.832,51.74,132.107,37.884,1705.251,4.422,0.694,7.497,1.718,157.984,9.337,21.599,8.442,5.1,1.903,0.758,25.904,18.4,6.712,7.009,9.088
109,12.264,1.684,42.505,40.952,3.216,56.551,151.986,47.718,2208.965,3.931,0.667,7.629,1.8,228.11,10.523,24.842,10.301,4.987,1.844,0.764,31.559,21.196,6.103,7.107,9.518
110,13.473,1.522,45.57,42.397,3.484,60.389,177.002,56.614,2699.944,3.496,0.656,7.441,1.808,289.835,11.368,27.895,11.568,4.654,1.92,0.762,36.285,22.176,5.26,7.041,9.469
111,13.329,1.534,47.732,38.264,3.566,64.932,196.609,61.18,2957.069,3.223,0.648,7.019,1.74,323.629,11.447,30.833,12.083,4.196,2.087,0.776,41.372,20.992,4.372,6.946,8.957
112,11.841,1.65,49.347,30.544,3.505,71.201,200.404,59.036,2961.083,3.132,0.65,6.487,1.619,316.772,10.518,33.857,11.873,3.726,2.274,0.853,44.904,18.034,3.621,7.025,8.157
113,9.42,1.834,52.793,22.571,3.46,83.443,182.86,50.134,2608.205,3.157,0.677,6.015,1.484,269.538,8.703,37.333,11.054,3.344,2.43,1.029,46.997,14.147,3.132,7.429,7.302
114,6.778,2.087,56.912,17.197,3.632,99.094,159.143,39.653,2053.865,3.209,0.742,5.805,1.377,204.023,6.993,39.677,9.842,3.103,2.546,1.301,46.79,10.335,3.005,8.132,6.56
115,4.489,2.388,59.569,15.422,4.104,114.333,191.315,40.569,1721.831,3.196,0.832,5.957,1.326,173.99,8.082,40.197,8.32,2.973,2.621,1.611,43.948,7.339,3.233,8.918,5.975
116,2.896,2.674,58.124,16.468,4.798,123.231,349.601,67.347,1969.726,3.056,0.913,6.411,1.326,234.298,14.927,36.799,6.549,2.86,2.647,1.867,38.763,5.31,3.65,9.508,5.497
117,2.038,2.848,51.321,18.438,5.475,121.713,652.977,125.781,2987.338,2.77,0.948,6.911,1.355,404.712,28.572,30.711,4.704,2.683,2.605,1.983,31.821,3.94,4.059,9.698,5.073
118,1.791,2.819,40.008,19.725,5.835,111.006,1046.28,206.603,4492.296,2.367,0.913,7.183,1.381,646.337,46.837,22.561,3.063,2.389,2.476,1.919,24.23,2.907,4.274,9.462,4.723
119,1.907,2.555,28.497,19.713,5.684,95.946,1412.811,287.294,6033.697,1.928,0.817,7.071,1.379,879.933,64.701,15.305,1.916,1.988,2.254,1.698,17.343,2.441,4.313,9.022,4.555
120,2.165,2.111,20.113,18.463,5.007,80.743,1636.186,341.745,6936.343,1.536,0.694,6.513,1.333,1020.311,76.368,10.48,1.337,1.544,1.962,1.392,14.066,3.306,4.746,8.964,4.753
121,2.396,1.593,14.949,16.369,3.98,67.507,1636.437,351.001,6988.247,1.24,0.582,5.68,1.248,1016.465,78.008,7.777,1.204,1.14,1.635,1.088,17.625,6.385,6.352,9.949,5.461
122,2.472,1.111,12.515,13.859,2.873,56.161,1416.473,312.756,6119.998,1.052,0.51,4.88,1.148,872.537,69.385,6.953,1.311,0.835,1.311,0.851,28.588,11.89,9.583,12.308,6.69
123,2.416,0.752,11.226,11.334,1.953,47.38,1058.337,241.484,4726.959,0.964,0.485,4.374,1.077,643.132,53.91,6.666,1.504,0.631,1.028,0.703,45.433,18.9,13.961,15.706,8.25
124,2.278,0.542,10.16,9.036,1.355,39.83,679.115,161.724,3173.032,0.956,0.498,4.231,1.059,404.496,36.956,6.709,1.762,0.515,0.807,0.627,62.656,25.406,18.206,19.17,9.755
125,2.113,0.451,9.84,7.156,1.065,34.83,380.715,95.919,1952.621,1.007,0.527,4.302,1.089,219.318,23.299,6.988,2.057,0.488,0.645,0.589,75.235,29.127,20.733,21.473,10.749
126,1.992,0.427,10.434,5.721,0.975,31.089,205.204,55.321,1158.816,1.086,0.557,4.335,1.14,113.617,15.138,7.451,2.315,0.555,0.538,0.569,78.721,28.81,20.514,21.847,10.923
127,1.989,0.434,12.359,4.702,0.961,28.578,131.652,37.336,790.173,1.149,0.583,4.121,1.172,73.358,11.671,7.94,2.451,0.702,0.493,0.567,72.069,24.827,17.596,20.431,10.272
128,2.071,0.45,15.13,3.873,0.946,25.683,105.198,30.914,638.369,1.156,0.601,3.616,1.157,64.361,10.391,8.148,2.392,0.888,0.51,0.583,58.487,18.722,13.055,17.953,9.032
129,2.127,0.47,17.285,3.106,0.909,22.305,84.939,26.11,545.466,1.088,0.606,2.926,1.089,59.432,9.208,7.93,2.125,1.064,0.573,0.606,42.524,12.584,8.52,15.276,7.569
130,2.036,0.5,17.995,2.484,0.874,18.406,64.708,20.539,459.701,0.968,0.595,2.253,0.992,51.287,7.649,7.272,1.712,1.185,0.655,0.622,28.413,7.953,5.443,13.064,6.244
131,1.793,0.548,16.614,2.118,0.895,14.608,47.262,15.031,368.643,0.849,0.565,1.831,0.904,42.337,5.921,6.257,1.279,1.218,0.725,0.612,18.656,5.42,4.421,11.545,5.289
132,1.436,0.618,13.524,2.025,1.011,11.23,35.839,10.586,265.641,0.781,0.522,1.793,0.854,35.121,4.351,5.067,0.96,1.155,0.767,0.567,12.986,4.479,5.044,10.452,4.746
133,1.058,0.702,9.891,2.093,1.221,8.49,31.589,7.831,177.534,0.792,0.475,2.119,0.85,31.115,3.22,3.86,0.846,1.019,0.784,0.492,9.925,4.156,6.258,9.391,4.519
134,0.728,0.783,6.778,2.139,1.466,6.432,33.684,6.741,107.502,0.868,0.438,2.632,0.875,30.335,2.62,2.887,0.967,0.851,0.794,0.41,8.254,3.766,7.084,8.238,4.484
135,0.5,0.836,4.783,2.041,1.661,5.049,38.034,6.703,70.648,0.982,0.418,3.101,0.9,31.331,2.423,2.221,1.281,0.709,0.814,0.353,7.287,3.321,7.191,7.204,4.562
136,0.39,0.842,3.976,1.825,1.73,4.306,40.29,6.896,51.443,1.134,0.413,3.37,0.897,31.659,2.41,1.962,1.698,0.655,0.847,0.345,6.502,2.917,6.56,6.475,4.763
137,0.389,0.804,3.61,1.574,1.644,3.997,38.528,6.772,44.225,1.334,0.415,3.385,0.851,29.445,2.372,1.934,2.107,0.724,0.885,0.391,6.008,2.598,5.466,6.115,5.114
138,0.473,0.749,3.315,1.38,1.439,3.734,33.525,6.095,44.869,1.577,0.422,3.182,0.768,24.562,2.204,2.158,2.394,0.905,0.912,0.471,5.206,2.35,4.306,6.001,5.602
139,0.656,0.71,2.969,1.351,1.197,3.678,28.307,5.012,52.087,1.828,0.435,2.886,0.679,18.503,1.964,2.411,2.482,1.15,0.917,0.555,4.624,2.14,3.484,5.954,6.184
140,0.95,0.707,2.916,1.549,0.999,3.756,25.922,3.945,63.634,2.029,0.464,2.636,0.621,13.611,1.796,2.793,2.372,1.383,0.898,0.611,3.968,1.944,3.177,5.855,6.796
141,1.316,0.735,3.04,1.936,0.884,4.042,27.485,3.268,89.065,2.113,0.508,2.497,0.616,11.543,1.809,3.11,2.115,1.526,0.855,0.621,3.573,1.742,3.279,5.761,7.374
142,1.655,0.768,3.363,2.392,0.837,4.237,31.774,3.105,131.783,2.03,0.558,2.436,0.656,12.508,2.016,3.371,1.791,1.531,0.793,0.59,3.417,1.518,3.539,5.798,7.851
143,1.878,0.775,3.574,2.766,0.811,4.238,36.085,3.325,179.673,1.785,0.593,2.389,0.71,15.256,2.334,3.4,1.504,1.412,0.721,0.533,3.395,1.311,3.746,6.055,8.14
144,1.973,0.742,3.47,2.992,0.768,3.952,37.937,3.669,229.847,1.454,0.596,2.311,0.745,17.836,2.624,3.308,1.366,1.239,0.647,0.475,3.333,1.212,3.821,6.572,8.157
145,2.0,0.679,2.989,3.077,0.706,3.41,36.295,3.925,250.03,1.137,0.563,2.195,0.745,18.833,2.762,3.028,1.445,1.083,0.58,0.433,3.182,1.279,3.757,7.261,7.881
146,2.04,0.606,2.25,3.123,0.64,2.751,32.041,4.044,253.093,0.91,0.507,2.061,0.713,18.177,2.696,2.612,1.745,0.983,0.528,0.412,2.987,1.498,3.56,7.881,7.354
147,2.155,0.54,1.485,3.214,0.59,2.16,26.573,4.022,223.399,0.801,0.451,1.949,0.661,16.247,2.436,2.206,2.21,0.936,0.496,0.404,2.69,1.787,3.248,8.217,6.674
148,2.33,0.489,0.887,3.371,0.561,1.806,21.306,3.857,181.836,0.78,0.416,1.874,0.606,13.793,2.048,1.765,2.739,0.906,0.483,0.4,2.5,2.047,2.895,8.228,5.951
149,2.493,0.454,0.571,3.557,0.545,1.691,17.118,3.564,132.574,0.794,0.411,1.821,0.563,11.597,1.641,1.451,3.19,0.859,0.483,0.391,2.392,2.206,2.616,7.991,5.28
150,2.546,0.438,0.513,3.681,0.526,1.842,15.59,3.345,91.759,0.799,0.432,1.785,0.532,10.671,1.414,1.262,3.419,0.788,0.485,0.376,2.354,2.229,2.499,7.62,4.727
151,2.439,0.447,0.63,3.672,0.49,2.183,21.732,3.849,79.23,0.792,0.459,1.769,0.508,13.202,1.693,1.2,3.34,0.7,0.474,0.359,2.287,2.166,2.552,7.197,4.312
152,2.183,0.481,0.808,3.494,0.44,2.681,40.778,5.82,106.96,0.797,0.475,1.767,0.481,21.398,2.753,1.342,2.96,0.604,0.439,0.343,2.176,2.086,2.688,6.735,4.0
153,1.83,0.531,1.028,3.149,0.394,3.323,73.558,9.49,176.112,0.837,0.467,1.768,0.445,35.948,4.594,1.597,2.377,0.515,0.385,0.33,2.097,2.028,2.795,6.165,3.732
154,1.457,0.573,1.353,2.678,0.366,4.076,114.171,14.232,270.289,0.908,0.437,1.744,0.403,54.155,6.83,1.9,1.738,0.439,0.321,0.319,2.123,1.994,2.81,5.403,3.478
155,1.128,0.581,1.749,2.136,0.359,5.035,150.802,18.672,366.118,0.987,0.394,1.665,0.361,70.672,8.809,2.178,1.18,0.38,0.262,0.309,2.384,1.96,2.831,4.454,3.246
156,0.883,0.548,2.359,1.577,0.367,5.675,171.847,21.227,432.549,1.058,0.353,1.525,0.322,79.91,9.883,2.184,0.781,0.347,0.219,0.298,2.857,1.931,3.011,3.472,3.072
157,0.732,0.495,3.288,1.07,0.384,6.348,182.975,22.619,455.865,1.114,0.323,1.333,0.285,83.521,10.281,2.097,0.558,0.353,0.199,0.283,3.6,1.895,3.393,2.693,3.0
158,0.687,0.462,4.388,0.7,0.402,6.557,226.232,31.61,554.73,1.159,0.31,1.131,0.25,100.469,12.722,1.78,0.491,0.394,0.198,0.265,4.396,1.861,3.965,2.298,3.038
159,0.735,0.475,5.527,0.533,0.419,6.512,361.332,60.286,902.509,1.19,0.317,0.95,0.224,158.876,20.95,1.541,0.539,0.458,0.21,0.247,4.993,1.794,4.603,2.321,3.153
160,0.842,0.53,6.336,0.6,0.433,6.013,615.128,114.443,1597.084,1.192,0.337,0.821,0.213,274.866,36.812,1.412,0.662,0.512,0.224,0.234,5.288,1.706,5.155,2.681,3.275
161,0.983,0.594,6.632,0.908,0.438,5.36,953.037,186.792,2566.072,1.143,0.36,0.75,0.222,435.366,58.186,1.417,0.82,0.529,0.233,0.23,5.044,1.614,5.559,3.25,3.322
162,1.153,0.624,6.519,1.422,0.434,5.005,1280.56,257.682,3560.408,1.033,0.378,0.719,0.253,596.957,79.144,1.529,0.98,0.501,0.237,0.236,4.606,1.515,5.827,3.925,3.254
163,1.345,0.596,6.445,2.051,0.424,5.377,1482.877,303.025,4217.018,0.876,0.386,0.686,0.304,703.997,92.413,1.585,1.128,0.437,0.239,0.259,4.018,1.422,6.004,4.582,3.095
164,1.558,0.518,6.798,2.667,0.409,6.97,1479.535,305.708,4298.22,0.711,0.391,0.626,0.366,716.131,92.873,1.638,1.263,0.356,0.246,0.303,3.917,1.372,6.062,5.095,2.918
165,1.773,0.427,7.754,3.128,0.394,9.272,1269.518,264.573,3749.65,0.592,0.412,0.546,0.438,628.221,80.186,1.646,1.413,0.28,0.268,0.379,4.08,1.383,5.916,5.383,2.806
166,1.936,0.365,9.076,3.331,0.385,11.733,930.863,194.825,2831.468,0.544,0.474,0.463,0.519,471.734,58.965,1.703,1.596,0.226,0.316,0.493,4.585,1.423,5.46,5.432,2.794
167,1.988,0.357,10.382,3.23,0.387,13.616,580.408,119.506,1801.945,0.558,0.591,0.406,0.609,300.05,36.279,1.833,1.784,0.205,0.391,0.641,5.056,1.434,4.673,5.287,2.848
168,1.922,0.404,11.114,2.901,0.405,13.963,314.923,59.091,993.444,0.611,0.751,0.406,0.704,161.476,18.35,2.024,1.928,0.217,0.483,0.801,5.053,1.387,3.677,5.017,2.897
169,1.757,0.481,11.022,2.454,0.434,13.081,174.684,23.398,571.949,0.681,0.917,0.462,0.792,79.538,8.03,2.645,2.003,0.262,0.569,0.939,4.753,1.286,2.697,4.68,2.888
170,1.58,0.55,10.145,2.043,0.463,10.937,135.287,9.637,491.419,0.751,1.04,0.57,0.856,48.404,4.284,3.505,2.02,0.324,0.621,1.02,4.072,1.154,1.953,4.31,2.817
171,1.477,0.579,8.829,1.767,0.478,8.556,137.538,7.61,631.141,0.802,1.078,0.686,0.878,43.643,3.813,5.001,2.015,0.393,0.622,1.02,3.351,1.013,1.528,3.901,2.726
172,1.474,0.559,7.378,1.629,0.474,6.297,134.553,8.293,859.867,0.816,1.015,0.782,0.849,43.633,3.791,6.552,2.006,0.444,0.569,0.937,2.902,0.89,1.376,3.445,2.666
173,1.534,0.505,6.255,1.576,0.459,4.843,117.487,8.791,1051.196,0.787,0.874,0.822,0.777,40.539,3.499,7.906,1.997,0.482,0.484,0.796,2.703,0.813,1.401,2.984,2.665
174,1.588,0.447,5.298,1.558,0.455,3.84,94.368,9.071,1160.848,0.728,0.698,0.804,0.677,35.992,3.035,8.628,1.955,0.525,0.397,0.636,2.848,0.789,1.489,2.619,2.708
175,1.558,0.415,4.539,1.512,0.482,3.477,79.944,9.648,1204.21,0.663,0.534,0.735,0.572,33.088,2.642,8.333,1.847,0.59,0.338,0.496,3.117,0.788,1.544,2.445,2.761
176,1.422,0.418,3.865,1.42,0.539,3.04,86.161,11.042,1138.28,0.624,0.412,0.656,0.478,34.761,2.531,7.256,1.655,0.69,0.325,0.397,3.533,0.817,1.528,2.5,2.783
177,1.202,0.446,3.304,1.275,0.603,2.985,113.834,13.351,1048.336,0.647,0.337,0.599,0.401,40.926,2.759,5.625,1.398,0.824,0.35,0.345,4.184,0.885,1.445,2.741,2.77
178,0.981,0.481,2.874,1.111,0.649,2.889,153.132,16.012,916.122,0.765,0.296,0.599,0.343,49.881,3.197,3.964,1.111,0.976,0.395,0.33,4.863,0.985,1.346,3.061,2.747
179,0.827,0.503,2.66,0.959,0.654,2.958,189.613,18.195,823.832,0.99,0.274,0.675,0.308,56.877,3.659,2.563,0.839,1.111,0.44,0.34,5.559,1.069,1.299,3.35,2.745
180,0.767,0.511,2.69,0.837,0.619,2.984,214.452,19.298,781.689,1.287,0.262,0.817,0.303,58.819,4.03,1.638,0.629,1.196,0.475,0.369,5.873,1.138,1.349,3.535,2.785
181,0.793,0.51,2.733,0.745,0.564,2.736,224.07,19.128,733.448,1.579,0.261,0.986,0.333,54.279,4.291,1.123,0.494,1.211,0.498,0.42,5.778,1.247,1.481,3.584,2.856
182,0.857,0.512,2.622,0.705,0.521,2.444,221.025,17.977,700.112,1.787,0.271,1.15,0.391,45.365,4.483,0.917,0.417,1.16,0.507,0.495,5.177,1.477,1.641,3.514,2.929
183,0.889,0.519,2.481,0.719,0.511,2.305,210.753,16.523,667.922,1.853,0.293,1.284,0.461,35.157,4.63,0.951,0.376,1.07,0.506,0.588,4.224,1.853,1.734,3.417,2.982
184,0.857,0.526,2.015,0.771,0.534,2.381,197.993,15.552,599.504,1.763,0.323,1.375,0.523,27.615,4.751,1.103,0.357,0.995,0.508,0.687,3.268,2.306,1.692,3.426,3.017
185,0.773,0.53,1.685,0.837,0.574,2.829,184.209,15.645,538.014,1.563,0.36,1.446,0.559,25.567,4.898,1.316,0.358,0.975,0.535,0.769,2.499,2.678,1.522,3.627,3.061
186,0.687,0.531,1.246,0.901,0.617,3.288,169.395,16.862,470.114,1.336,0.402,1.537,0.563,29.27,5.1,1.486,0.379,1.029,0.602,0.816,1.998,2.804,1.29,4.012,3.151
187,0.652,0.543,1.007,0.946,0.661,3.574,152.946,18.677,384.245,1.177,0.445,1.68,0.537,37.083,5.325,1.633,0.414,1.137,0.708,0.818,1.712,2.622,1.08,4.496,3.322
188,0.693,0.575,0.892,0.967,0.711,3.482,134.958,20.246,305.228,1.153,0.483,1.889,0.492,45.68,5.486,1.667,0.448,1.261,0.83,0.781,1.488,2.189,0.95,4.955,3.578
189,0.791,0.629,0.952,0.956,0.763,2.896,117.049,20.758,219.003,1.265,0.509,2.127,0.444,51.863,5.49,1.681,0.474,1.354,0.93,0.72,1.274,1.684,0.923,5.258,3.89
190,0.89,0.684,1.172,0.924,0.802,2.27,101.083,19.663,192.651,1.43,0.52,2.314,0.404,53.025,5.245,1.651,0.484,1.381,0.969,0.649,0.967,1.301,0.987,5.303,4.192
191,0.932,0.716,1.341,0.903,0.81,1.53,86.079,16.89,162.382,1.548,0.516,2.372,0.378,48.534,4.679,1.582,0.474,1.348,0.928,0.582,0.721,1.182,1.161,5.066,4.407
192,0.892,0.706,1.462,0.964,0.778,1.136,69.255,12.914,163.484,1.55,0.495,2.271,0.363,39.433,3.817,1.474,0.452,1.276,0.817,0.525,0.501,1.346,1.468,4.588,4.47
193,0.82,0.657,1.639,1.186,0.721,0.991,51.297,8.765,155.633,1.446,0.464,2.052,0.351,29.027,2.825,1.315,0.444,1.184,0.671,0.486,0.469,1.683,1.904,3.966,4.353
194,0.845,0.6,2.246,1.597,0.669,1.387,36.514,5.573,147.869,1.297,0.43,1.803,0.34,20.455,1.943,1.166,0.496,1.086,0.53,0.469,0.722,2.037,2.408,3.32,4.07
195,1.067,0.565,3.411,2.135,0.649,2.042,28.725,3.947,152.63,1.173,0.399,1.599,0.326,16.142,1.356,1.182,0.654,0.991,0.42,0.479,1.249,2.3,2.864,2.764,3.663
196,1.485,0.568,5.141,2.662,0.667,3.171,28.032,3.731,167.028,1.106,0.374,1.476,0.305,15.813,1.1,1.497,0.943,0.911,0.351,0.508,2.188,2.45,3.157,2.357,3.186
197,1.99,0.603,7.027,2.995,0.709,4.251,31.35,4.26,185.049,1.071,0.349,1.378,0.278,17.485,1.068,2.046,1.33,0.855,0.321,0.539,3.143,2.519,3.192,2.131,2.699
198,2.412,0.643,8.522,3.029,0.742,5.22,33.995,4.738,190.042,1.033,0.321,1.269,0.248,18.678,1.108,2.807,1.719,0.84,0.315,0.55,4.058,2.556,2.971,2.09,2.266
199,2.598,0.659,9.097,2.762,0.735,5.492,33.03,4.732,176.705,0.955,0.29,1.125,0.221,18.023,1.125,3.492,1.988,0.862,0.322,0.527,4.413,2.579,2.572,2.189,1.961
200,2.507,0.638,8.668,2.328,0.676,5.281,28.215,4.256,143.752,0.837,0.26,0.973,0.204,15.658,1.107,3.917,2.064,0.9,0.328,0.469,4.241,2.567,2.116,2.315,1.848
201,2.205,0.583,7.566,1.889,0.579,4.731,21.483,3.53,101.421,0.696,0.238,0.837,0.199,12.49,1.062,3.97,1.962,0.922,0.327,0.393,3.582,2.476,1.712,2.375,1.943
202,1.831,0.516,6.286,1.557,0.48,4.173,14.938,2.849,61.21,0.564,0.231,0.736,0.208,9.503,0.998,3.636,1.748,0.906,0.315,0.32,2.759,2.304,1.414,2.357,2.201
203,1.528,0.466,5.357,1.372,0.414,3.857,10.041,2.435,33.046,0.495,0.242,0.697,0.227,7.283,0.922,3.059,1.514,0.849,0.297,0.268,2.027,2.117,1.241,2.283,2.517
204,1.377,0.45,5.026,1.3,0.395,3.835,7.35,2.328,18.852,0.527,0.262,0.723,0.252,5.979,0.841,2.467,1.353,0.778,0.282,0.242,1.525,2.033,1.212,2.201,2.758
205,1.354,0.467,5.112,1.261,0.416,4.025,6.383,2.429,15.812,0.65,0.279,0.793,0.273,5.427,0.771,2.142,1.318,0.723,0.278,0.234,1.331,2.146,1.311,2.158,2.832
206,1.381,0.501,5.239,1.189,0.455,4.162,6.314,2.577,21.845,0.819,0.28,0.882,0.283,5.399,0.726,2.178,1.414,0.707,0.288,0.231,1.286,2.445,1.475,2.17,2.727
207,1.393,0.533,5.077,1.071,0.487,4.141,6.392,2.647,31.04,0.976,0.262,0.968,0.281,5.7,0.722,2.667,1.59,0.735,0.311,0.228,1.409,2.814,1.624,2.261,2.536
208,1.4,0.548,4.562,0.93,0.497,3.835,6.659,2.583,46.238,1.076,0.231,1.035,0.273,6.354,0.779,3.44,1.795,0.798,0.34,0.229,1.519,3.067,1.736,2.459,2.439
209,1.432,0.537,3.864,0.818,0.481,3.518,6.889,2.413,58.35,1.099,0.203,1.065,0.267,7.013,0.914,4.586,2.021,0.868,0.367,0.247,1.999,3.059,1.861,2.771,2.62
210,1.504,0.498,3.442,0.801,0.443,3.284,6.97,2.209,70.467,1.055,0.191,1.058,0.269,7.306,1.123,5.685,2.281,0.93,0.383,0.293,2.649,2.756,2.048,3.169,3.154
211,1.594,0.439,3.452,0.911,0.393,3.604,6.965,2.054,76.756,0.974,0.201,1.031,0.281,6.935,1.373,7.063,2.561,0.946,0.388,0.364,3.904,2.254,2.299,3.6,3.949
212,1.645,0.371,4.23,1.131,0.344,4.3,7.08,1.999,78.879,0.887,0.228,1.003,0.298,6.079,1.598,7.866,2.836,0.909,0.389,0.448,5.336,1.721,2.576,4.003,4.799
213,1.627,0.31,5.112,1.425,0.307,5.498,7.448,2.028,74.511,0.801,0.268,0.976,0.316,5.009,1.733,8.557,3.062,0.823,0.394,0.527,6.785,1.336,2.762,4.312,5.471
214,1.564,0.267,6.216,1.779,0.287,6.731,8.001,2.054,66.118,0.705,0.311,0.931,0.33,4.145,1.732,7.974,3.222,0.719,0.405,0.587,8.169,1.242,2.784,4.467,5.796
215,1.531,0.245,6.556,2.173,0.28,7.532,8.486,1.995,56.011,0.601,0.348,0.863,0.337,3.629,1.603,7.18,3.293,0.64,0.416,0.621,8.97,1.468,2.67,4.425,5.718
216,1.608,0.249,6.271,2.602,0.287,7.575,8.669,1.835,45.964,0.503,0.369,0.805,0.334,3.386,1.413,5.364,3.284,0.597,0.418,0.629,9.13,1.9,2.5,4.171,5.289
217,1.851,0.283,5.529,3.073,0.311,7.023,8.55,1.658,35.28,0.449,0.373,0.819,0.324,3.262,1.257,3.72,3.227,0.585,0.404,0.618,8.645,2.379,2.383,3.726,4.639
218,2.209,0.337,4.689,3.542,0.351,6.173,8.315,1.604,31.082,0.45,0.36,0.932,0.314,3.178,1.206,2.614,3.137,0.577,0.376,0.594,7.787,2.749,2.346,3.141,3.912
219,2.592,0.395,4.106,3.955,0.395,5.223,8.596,1.779,44.29,0.505,0.337,1.128,0.307,3.246,1.278,1.985,3.014,0.552,0.347,0.56,6.839,2.944,2.348,2.499,3.215
220,2.888,0.443,4.075,4.234,0.435,4.516,9.827,2.227,79.078,0.591,0.315,1.345,0.309,3.715,1.438,2.218,2.84,0.509,0.329,0.517,6.092,2.965,2.304,1.89,2.606
221,3.018,0.468,4.391,4.303,0.459,4.121,12.151,2.889,130.178,0.679,0.301,1.497,0.319,4.692,1.638,2.505,2.568,0.44,0.33,0.465,5.558,2.885,2.14,1.396,2.108
222,2.921,0.47,4.94,4.104,0.467,3.954,15.139,3.609,188.654,0.75,0.299,1.524,0.34,6.044,1.842,2.778,2.181,0.374,0.347,0.408,5.297,2.771,1.846,1.085,1.746
223,2.653,0.463,5.06,3.69,0.467,3.616,18.125,4.201,224.86,0.827,0.321,1.455,0.377,7.393,2.04,2.839,1.766,0.332,0.374,0.359,4.896,2.753,1.495,0.96,1.565
224,2.433,0.466,4.959,3.241,0.472,3.393,20.05,4.525,241.252,0.955,0.384,1.348,0.445,8.359,2.227,2.534,1.519,0.351,0.41,0.339,4.832,2.993,1.17,0.991,1.585
225,2.473,0.496,4.554,2.946,0.493,3.007,20.348,4.537,218.039,1.184,0.505,1.3,0.554,8.723,2.381,2.58,1.616,0.431,0.46,0.36,4.736,3.58,0.984,1.147,1.786
226,2.88,0.552,4.295,2.924,0.53,3.321,19.05,4.28,176.014,1.55,0.676,1.377,0.695,8.482,2.463,2.707,2.098,0.571,0.524,0.417,5.276,4.435,1.044,1.401,2.115
227,3.682,0.622,4.508,3.295,0.576,4.023,16.506,3.883,127.848,2.03,0.866,1.594,0.843,7.833,2.442,3.248,2.837,0.73,0.598,0.491,6.153,5.395,1.384,1.705,2.499
228,4.77,0.685,5.297,4.052,0.621,5.404,13.51,3.484,88.642,2.544,1.023,1.874,0.958,6.946,2.311,3.935,3.59,0.862,0.668,0.556,7.044,6.245,1.943,1.975,2.844
229,5.914,0.719,6.699,5.072,0.654,7.074,10.568,3.152,71.416,2.964,1.1,2.107,1.004,5.955,2.113,4.108,4.078,0.919,0.715,0.591,7.668,6.863,2.562,2.13,3.063
230,6.914,0.717,7.984,6.121,0.671,8.563,8.5,2.875,70.683,3.169,1.074,2.191,0.966,5.168,1.924,4.064,4.129,0.888,0.727,0.592,7.595,7.169,3.043,2.138,3.123
231,7.573,0.696,9.528,7.019,0.684,9.689,10.291,4.767,82.165,3.089,0.969,2.113,0.864,9.322,2.046,3.491,3.763,0.799,0.718,0.574,6.926,7.181,3.223,2.041,3.109
232,8.023,0.71,12.686,8.109,0.786,11.426,23.77,19.863,141.548,2.95,0.847,2.439,0.753,35.716,3.663,2.976,3.202,0.836,0.749,0.581,6.285,7.1,3.223,2.04,3.27
233,8.442,0.911,20.476,11.069,1.255,23.612,63.646,64.589,364.336,3.502,0.79,4.951,0.712,108.612,8.57,3.689,2.719,1.423,1.035,0.663,6.725,7.04,3.581,2.581,3.938
234,9.184,1.622,36.928,17.466,2.507,56.985,146.301,149.288,897.597,5.895,0.886,12.091,0.849,240.508,18.234,7.566,2.689,3.062,1.932,0.885,9.663,7.108,5.162,4.398,5.457
235,10.289,3.216,61.592,27.64,4.904,127.871,279.244,269.057,2038.822,10.958,1.186,25.349,1.28,426.833,33.771,16.81,3.353,6.003,3.759,1.298,16.603,7.362,8.657,8.135,8.096
236,11.609,5.866,93.362,39.953,8.534,223.104,462.358,402.013,4057.482,18.445,1.696,44.009,2.126,650.872,55.286,31.59,4.683,10.009,6.535,1.926,27.514,7.925,14.053,13.81,11.924
237,12.77,9.289,125.434,52.226,13.024,324.254,680.249,515.287,7194.564,26.76,2.42,64.768,3.516,877.751,80.526,50.733,6.331,14.297,9.833,2.791,41.181,8.818,20.34,20.518,16.781
238,13.435,12.741,151.158,62.515,17.656,400.105,897.435,577.168,10672.612,33.523,3.357,82.519,5.511,1061.916,104.746,69.733,7.723,17.801,12.867,3.894,54.408,9.888,25.874,26.582,22.234
239,13.336,15.297,163.382,69.398,21.532,425.72,1070.645,570.494,13867.997,36.684,4.443,92.557,7.949,1160.097,122.225,83.404,8.384,19.63,14.79,5.151,63.344,10.795,29.239,30.171,27.718
240,12.326,16.221,157.049,72.144,23.826,401.257,1162.574,499.846,15635.181,35.34,5.552,92.286,10.438,1146.152,128.337,87.541,8.093,19.361,15.06,6.402,65.503,11.066,29.72,30.1,32.783
241,11.073,15.337,136.429,71.005,24.135,336.989,1150.888,388.797,15772.326,30.255,6.551,82.499,12.505,1023.701,121.585,79.839,7.081,17.23,13.685,7.484,60.495,10.567,27.606,26.413,37.133
242,10.165,13.053,112.173,66.708,22.506,265.64,1047.592,268.777,14149.682,23.344,7.337,66.395,13.762,821.035,104.409,66.151,5.835,13.821,11.228,8.302,53.916,9.461,23.813,20.426,40.604
243,10.217,10.378,98.08,60.542,19.587,208.365,886.196,166.84,11529.623,17.189,7.926,48.835,14.11,587.401,82.256,51.501,5.192,10.243,8.721,8.92,51.015,8.918,19.988,14.234,43.237
244,11.866,8.698,98.339,53.893,16.696,182.234,708.791,97.141,8567.037,14.292,8.478,35.006,13.813,372.171,61.173,41.353,5.864,8.111,7.384,9.544,56.259,10.611,18.335,9.892,45.382
245,15.296,9.078,111.936,48.031,15.127,185.408,548.259,59.192,6079.963,15.63,9.149,27.773,13.321,210.127,45.348,38.019,8.192,8.631,8.041,10.34,66.0,15.907,20.333,8.52,47.488
246,19.944,11.649,133.491,43.482,15.464,210.197,425.692,44.465,4369.131,20.348,9.96,26.824,13.023,115.136,36.018,41.526,11.836,12.211,10.641,11.28,79.756,25.287,26.404,9.908,49.672
247,25.429,15.479,153.733,41.125,17.345,237.564,346.701,44.265,3381.269,26.211,10.746,29.632,13.047,82.169,31.84,52.791,16.01,18.045,14.264,12.126,93.764,37.928,35.331,12.739,51.575
248,31.577,19.083,164.978,41.435,19.631,259.564,299.494,49.264,2923.182,30.64,11.267,33.01,13.219,86.762,30.096,66.438,19.741,24.588,17.608,12.634,100.699,51.229,45.12,15.473,52.658
249,37.956,21.263,161.751,43.988,21.035,258.974,264.084,50.937,2633.5,32.015,11.341,34.48,13.211,100.652,28.511,78.643,22.26,30.104,19.625,12.708,99.656,62.047,53.448,17.133,52.846
250,43.957,21.506,142.941,47.179,20.829,239.03,226.735,46.804,2514.654,29.855,10.971,32.739,12.785,112.046,27.265,82.825,23.123,33.042,19.8,12.497,87.452,67.653,58.172,17.59,52.863
251,48.877,20.012,115.726,50.242,19.007,199.8,202.623,39.376,2561.563,24.953,10.384,28.149,11.976,117.831,27.854,81.258,22.542,32.741,18.225,12.353,74.129,66.921,58.119,17.434,54.259
252,52.221,17.486,87.371,53.652,16.207,152.001,212.964,32.724,2770.976,18.96,9.936,22.233,11.092,118.382,31.157,71.651,21.346,29.7,15.579,12.652,58.203,60.891,53.547,17.584,59.373
253,53.629,14.887,64.15,58.176,13.412,109.116,308.202,33.489,2891.616,13.718,10.021,17.172,10.599,125.592,37.901,61.389,20.125,25.516,13.075,13.685,48.685,51.545,46.061,18.78,70.42
254,52.924,12.985,48.343,63.257,11.404,77.385,590.823,53.729,3057.691,10.418,10.827,14.393,10.818,180.915,50.133,51.263,19.334,22.165,11.921,15.434,44.509,41.525,38.016,21.068,87.599
255,50.083,11.961,41.088,66.802,10.388,60.133,1126.533,103.127,3525.87,9.077,12.183,13.967,11.722,324.694,69.698,48.696,18.735,20.822,12.564,17.478,49.28,32.655,31.27,23.641,107.923
256,45.3,11.453,43.177,66.387,10.03,56.076,1871.041,179.94,4461.389,8.835,13.582,14.921,12.897,562.544,95.754,53.427,17.869,21.355,14.487,19.103,63.956,25.624,26.491,25.276,125.748
257,39.912,10.883,55.056,61.822,9.757,64.345,2658.226,267.657,5897.183,8.797,14.382,15.953,13.694,847.624,123.542,63.585,16.666,22.599,16.521,19.605,83.895,20.585,23.312,25.081,135.04
258,35.688,10.11,72.87,54.766,9.437,79.154,3255.503,340.949,7415.835,8.872,14.201,16.598,13.647,1095.105,145.444,72.971,16.249,23.505,17.739,18.721,100.462,18.4,21.114,23.293,132.214
259,34.816,9.496,93.501,50.328,9.501,93.751,3471.053,376.281,8454.647,10.014,13.161,18.052,12.759,1220.482,154.024,74.361,18.531,23.908,17.89,16.808,106.247,20.899,19.871,21.086,117.846
260,40.183,9.67,122.16,55.138,10.852,113.784,3240.621,361.525,8577.891,13.083,11.801,21.813,11.509,1174.102,145.525,70.099,25.027,24.068,17.233,14.596,105.135,31.528,19.877,19.888,96.221
